,Product,Country,Year,cmdCode,Geopolitical Risk Production,Geopolitical Risk Exports,Geopolitical Risk Only Political Stability,Geopolitical Risk Production NO-ROOT,Geopolitical Risk Exports NO-ROOT
0,LITHIUM,CANADA,2019.0,283691.0,1.493915799991239e-08,1.079114312727499e-08,1955.8940314681026,46.00405969275245,33.23054703505414
0,PETROLEUM,MEXICO,2019.0,2709.0,0.0,0.0,0.0,0.0,0.0
0,GOLD,USA,2020.0,7108.0,1.460766282785615e-09,1.7256755693376021e-09,95.18796611699804,2.0976744608928826,2.4780867495676846
