,Product,reporterDesc,Year,cmdCode,Source,Geopolitical Risk Production,Geopolitical Risk Exports,Geopolitical Risk Only Political Stability Production,Geopolitical Risk Only Political Stability Exports,Geopolitical Risk Production NO-ROOT,Geopolitical Risk Exports NO-ROOT
0,LITHIUM (LI2O-CONT.),CANADA,2019.0,283691.0,org,0.09317652268174147,0.13072758605359724,0.07859999981876824,0.1102765798120327,0.0011909772483730862,0.0016709528993302286
1,LITHIUM (USGS),CANADA,2019.0,283691.0,USGS,0.1274470627984021,0.1907401441341136,0.10750926118022966,0.16090078125775487,0.001629021429392918,0.0024380301547748105
