,Product,Country,Year,cmdCode,Source,Geopolitical Risk Production,Geopolitical Risk Exports,Geopolitical Risk Only Political Stability Production,Geopolitical Risk Only Political Stability Exports,Geopolitical Risk Production NO-ROOT,Geopolitical Risk Exports NO-ROOT
0,LITHIUM (LI2O-CONT.),CANADA,2019.0,283691.0,org,0.0012902195206033165,0.0018101907921999885,0.0005385429942367464,0.0007555811656882388,5.7073528950391495e-06,8.007472754407485e-06
1,LITHIUM (USGS),CANADA,2019.0,283691.0,USGS,0.0026250417378241935,0.003928696577516959,0.0010957033395552073,0.0016398542918604185,1.1612008129410463e-05,1.7378792854518555e-05
