,Product,Country,Year,cmdCode,Source,Geopolitical Risk Production,Geopolitical Risk Exports,Geopolitical Risk Only Political Stability Production,Geopolitical Risk Only Political Stability Exports,Geopolitical Risk Production NO-ROOT,Geopolitical Risk Exports NO-ROOT
0,LITHIUM (LI2O-CONT.),CANADA,2019.0,283691.0,org,1.5679974040217694e-10,2.1999159194447984e-10,28.41994335273082,39.873462577827006,0.4828534926340648,0.6774482422487822
1,LITHIUM (USGS),CANADA,2019.0,283691.0,USGS,3.1902002447091347e-10,4.774525525590483e-10,57.82235991332222,86.5382459342165,0.9823991585756915,1.470280703136836
